;Topic;Count;Name;Representation;Representative_Docs;topic_title
0;-1;197;-1_serviços_sociais_atribuições_serviço;['serviços', 'sociais', 'atribuições', 'serviço', 'profissionais', 'profissão', 'assistentes', 'atribuição', 'participação', 'profissional'];['O Conselho Federal de Serviço Social (CFESS), Autarquia pública federal que, em conjunto com os Conselhos Regionais de Serviço Social (CRESS), tem como atribuição orientar, disciplinar, normatizar, fiscalizar e defender o exercício profissional do/a assistente social no Brasil. De acordo com a Lei de Regulamentação da Profissão nº 8.662/1993, é de competência do CFESS, na qualidade de órgão normativo de grau superior, o exercício da seguinte atribuição: - Alternativas\nA\nexpedir carteiras profissionais de assistentes sociais\nB\nestabelecer os sistemas de registro dos profissionais habilitados.\nC\nzelar pela observância do Código de Ética Profissional.\nD\naplicar as sanções previstas no Código de Ética Profissional.', 'Considerando as Resoluções do Conselho Federal de Serviço Social (CFESS) que orientam e normatizam o exercício profissional de assistentes sociais, assinale a alternativa correta. - Alternativas\nA\nA Resolução do CFESS que regulamenta a supervisão direta de estágio no serviço social flexibilizou o contido na Lei nº8.662/1993, estabelecendo que a supervisão direta de estágio em Serviço Social poderá ser realizada por profissional de nível superior da área de ciências sociais.\nB\nA Resolução do CFESS que dispõe sobre as condições éticas e técnicas do exercício profissional do(a) assistente social determina, dentre outros aspectos, que o atendimento efetuado pelo(a) assistente social deve ser feito com portas fechadas, de forma a garantir o sigilo.\nC\nA Resolução do CFESS que dispõe sobre os Procedimentos para efeito da Lacração do Material Técnico e Material Técnico-Sigiloso do(a) Serviço Social determina que o(a) assistente social garantirá o caráter confidencial das informações que vier a receber em razão de seu trabalho. Assim, nos casos de demissão ou exoneração, é obrigatório que o profissional realize a incineração do referido material.\nD\nEm 2018, por meio de Resolução do CRESS, institui-se no âmbito de todos os Conselhos Regionais de Serviço Social a Anotação da Responsabilidade Técnica do(a) assistente social, perante a instituição, órgão, empresa e outros onde o(a) assistente social atua profissionalmente.\nE\nEm 2018, por meio de Resolução do CFESS, alterou-se o Código de Ética do(a) Assistente Social a partir da introdução de aperfeiçoamentos formais, gramaticais e conceituais em seu texto e garantindo a linguagem de gênero.', 'A Lei n° 8.662/1993 dispõe sobre a profissão de Assistente Social no Brasil acerca das competências, atribuições, penalidades cabíveis ao profissional, entre outras questões pertinentes à atuação do Assistente Social. Considerando a referida Lei, analise as assertivas e assinale a alternativa que aponta a(s) correta(s).\nI. Os Conselhos Regionais de Serviço Social são dotados de autonomia administrativa e financeira, sem prejuízo de sua vinculação ao Conselho Federal, nos termos da legislação em vigor. II. O exercício da profissão de Assistente Social requer prévio registro nos Conselhos Regionais que tenham jurisdição sobre a área de atuação do interessado nos termos desta Lei. III. Compete ao Conselho Federal de Serviço Social – CFESS – aprovar o Código de Ética Profissional dos Assistentes Sociais juntamente com os CRESS, no fórum máximo de deliberação do conjunto CFESS/CRESS. IV. Somente os estudantes de Serviço Social, sob supervisão direta de Assistente Social em pleno gozo de seus direitos profissionais, poderão realizar estágio de Serviço Social, cabendo às Unidades de Ensino credenciar e comunicar aos Conselhos Regionais de sua jurisdição os campos de estágio de seus alunos. - Alternativas\nA\nApenas I.\nB\nApenas II e III.\nC\nApenas III e IV.\nD\nApenas I, II e III.\nE\nI, II, III e IV.'];Atribuições Profissionais no Serviço Social
1;0;65;0_regulamentação_assessoria_regulamenta_atribuições;['regulamentação', 'assessoria', 'regulamenta', 'atribuições', 'fiscais', 'jurisdição', 'assistentes', 'profissionais', 'federal', 'profissão'];['Sobre as alternativas abaixo é INCORRETO afirmar que - Alternativas\nA\no fórum máximo de deliberação da profissão para fins da Lei n° 8662/1993 dar-se-á nas reuniões conjuntas dos Conselhos Federal e Regionais, que, inclusive, fixarão os limites de sua competência e sua forma de convocação.\nB\no exercício da profissão de Assistente Social requer prévio registro nos Conselhos Regionais que tenham jurisdição sobre a área de atuação do interessado nos termos da referida lei.\nC\nos Conselhos Regionais de Serviço Social (CRESS) são dotados de autonomia política, administrativa e financeira, sem prejuízo de sua vinculação ao Conselho Federal.\nD\no Conselho Federal de Serviço Social (CFESS) e os Conselhos Regionais de Serviço Social (CRESS) constituem, em seu conjunto, uma entidade com personalidade jurídica e forma federativa, com o objetivo básico de disciplinar e defender o exercício da profissão de Assistente Social em todo o território nacional.', 'Sobre a Lei de Regulamentação da Profissão– Lei 8.662/93 que dispõe sobre a profissão de Assistente Social e dá outras providências, é INCORRETO afirmar que o(a)(as) - Alternativas\nA\nConselho Federal e os Conselhos Regionais terão legitimidade para agir contra qualquer pessoa que infringir as disposições que digam respeito às prerrogativas, à dignidade e ao prestígio da profissão de assistente social.\nB\ninscrição nos Conselhos Regionais não sujeita os assistentes sociais ao pagamento das contribuições compulsórias (anuidades), taxas e demais emolumentos que forem estabelecidos em regulamentação baixada pelo Conselho Federal, em deliberação conjunta com os Conselhos Regionais.\nC\norganizações que se registrarem nos CRESS receberão um certificado que as habilitará a atuar na área de serviço social.\nD\nCarteira de Identificação Profissional, expedida pelos Conselhos Regionais de Serviço Social (CRESS), servirá de prova para fins de exercício profissional e de Carteira de Identidade Pessoal e terá fé pública em todo o território nacional.\nE\nConselho Federal de Serviço Social (CFESS) e os Conselhos Regionais de Serviço Social (CRESS) contarão cada um com nove membros efetivos: presidente, vice-presidente, dois secretários, dois tesoureiros e três membros do Conselho Fiscal, e nove suplentes, eleitos dentre os assistentes sociais, por via direta, para um mandato de três anos.', 'O Código de Ética do Assistente Social de 1993 apresenta, em seu artigo 7º:\xa0 - Alternativas\nA\nO fórum máximo de deliberação da profissão para os fins desta lei dar-se-á nas reuniões conjuntas dos Conselhos Federal e Regionais, que inclusive fixarão os limites de sua competência e sua forma de convocação.\nB\nA inscrição nos Conselhos Regionais sujeita os Assistentes Sociais ao pagamento das contribuições compulsórias (anuidades), taxas e demais emolumentos que forem estabelecidos em regulamentação baixada pelo Conselho Federal, em deliberação conjunta com os Conselhos Regionais.\nC\nA Carteira de Identificação Profissional expedida pelos Conselhos Regionais de Serviço Social (CRESS), servirá de prova para fins de exercício profissional e de Carteira de Identidade Pessoal, e terá fé pública em todo o território nacional.\nD\nO Conselho Federal e os Conselhos Regionais terão legitimidade para agir contra qualquer pessoa que infringir as disposições que digam respeito às prerrogativas, à dignidade e ao prestígio da profissão de Assistente Social.\nE\nO Conselho Federal de Serviço Social (CFESS) e os Conselhos Regionais de Serviço Social (CRESS) constituem, em seu conjunto, uma entidade com personalidade jurídica e forma federativa, com o objetivo básico de disciplinar e defender o exercício da profissão de Assistente Social em todo o território nacional.'];Regulamentação e Fiscalização na Profissão
2;1;47;1_normativo_instituições_federativa_federal;['normativo', 'instituições', 'federativa', 'federal', 'regulamentação', 'constituem', 'assessoria', 'consultiva', 'atribuições', 'fiscalizar'];"['Compete ao Conselho Federal de Serviço Social (CFESS), na qualidade de órgão normativo, e ao Conselho Regional de Serviço Social (CRESS), órgão executivo, o exercício das seguintes atribuições, respectivamente: - Alternativas\nA\norganizar e manter o registro profissional dos assistentes sociais e o cadastro das instituições e obras sociais públicas e privadas, ou de fins filantrópicos; estabelecer os sistemas de registro dos profissionais habilitados.\nB\nfiscalizar e disciplinar o exercício da profissão de assistente social na respectiva região; orientar, disciplinar, normatizar, fiscalizar e defender o exercício da profissão de assistente social, em conjunto com o CRESS.\nC\nexpedir carteiras profissionais de assistentes sociais, fixando a respectiva taxa; estabelecer os sistemas de registro dos profissionais habilitados.\nD\nzelar pela observância do Código de Ética Profissional, funcionando como Tribunais Regionais de Ética Profissional; funcionar como Tribunal Superior de Ética Profissional.\nE\nprestar assessoria técnico-consultiva aos organismos públicos ou privados, em matéria de Serviço Social; elaborar o respectivo Regimento Interno e submetê-lo a exame e aprovação do fórum máximo de deliberação do conjunto CFESS/CRESS.', 'Considerando o Código de Ética e a Lei nº 8.662/1993 (de regulamentação da profissão) e assinale a alternativa INCORRETA.\n - Alternativas\nA\nO Conselho Federal de Serviço Social (CFESS) e os Conselhos Regionais de Serviço Social (CRESS) constituem, em seu conjunto, uma entidade com personalidade jurídica e forma federativa, com o objetivo básico de disciplinar e defender o exercício da profissão de Assistente Social em todo o território nacional.\n\nB\nOs Conselhos Regionais de Serviço Social (CRESS) são dotados de autonomia administrativa e financeira, sem prejuízo de sua vinculação ao Conselho Federal, nos termos da legislação em vigor.\n\nC\nCabe ao Conselho Federal de Serviço Social (CFESS) e aos Conselhos Regionais de Serviço Social (CRESS), representar, em juízo e fora dele, os interesses gerais e individuais dos Assistentes Sociais, no cumprimento desta lei.\n\nD\nCompete aos Conselhos Regionais de Serviço Social (CRESS), na qualidade de órgão normativo de grau superior, o exercício das seguintes atribuições orientar, disciplinar, normatizar, fiscalizar e defender o exercício da profissão de Assistente Social, em conjunto com os Conselhos Municipais de cada região administrativa.\n\nE\nO Conselho Federal de Serviço Social (CFESS) terá sede e foro no Distrito Federal.', 'Considerando-se a Lei nº 8.662/1993, NÃO compete ao Conselho Federal de Serviço Social ( CFESS), na qualidade de órgão normativo de grau superior: - Alternativas\nA\nAplicar as sanções previstas no Código de Ética Profissional.\nB\nPrestar assessoria técnico-consultiva aos organismos públicos ou privados, em matéria de Serviço Social.\nC\nEstabelecer os sistemas de registro dos profissionais habilitados.\nD\nFuncionar como Tribunal Superior de Ética Profissional.\nE\nOrientar, disciplinar, normatizar, fiscalizar e defender o exercício da profissão de Assistente Social, em conjunto com o Conselho Regional de Serviço Social (CRESS).']";Normas e Atribuições Federativas no Serviço Social
3;2;46;2_atendimento_atendimentos_assistente_serviços;['atendimento', 'atendimentos', 'assistente', 'serviços', 'serviço', 'intervenção', 'éticas', 'informar', 'profissional', 'social'];"['A Resolução 493, de 21 de agosto de 2006, publicada pelo Conselho Federal do Serviço Social, dispõe sobre as condições éticas e técnicas do exercício profissional do assistente social. Com base na referida Resolução, atribua V (verdadeiro) ou F (falso) às afirmativas a seguir:\n\n( ) O atendimento efetuado pelo assistente social deve ser feito com portas fechadas ou abertas, desde que seja garantido o sigilo.\n\n( ) O assistente social deve informar por escrito à entidade, instituição ou órgão que trabalha ou presta serviços, sob qualquer modalidade, acerca das inadequações constatadas por este, quanto às condições éticas, físicas e técnicas do exercício profissional, sugerindo alternativas para melhoria dos serviços prestados.\n\n( ) O material técnico utilizado e produzido no atendimento é de caráter reservado, sendo seu uso e acesso restrito aos assistentes sociais.\n\n( ) O arquivo do material técnico, utilizado pelo assistente social, poderá estar em outro espaço físico, desde que se mantenha seu caráter reservado, sendo seu uso e acesso restrito aos assistentes sociais.\n\n( ) O local de atendimento destinado ao assistente social deve, obrigatoriamente, ser dotado de espaço suficiente para abordagens coletivas, além de possuir iluminação adequada ao trabalho noturno.\n\nAssinale a alternativa que contém, de cima para baixo, a sequência correta. - Alternativas\nA\nV, V, V, F, F\nB\nF, F, V, F, V\nC\nF, V, V, V, F\nD\nF, V, V, V, V', 'A RESOLUÇÃO CFESS nº 493/2006 dispõe sobre as condições éticas e técnicas do exercício profissional do assistente social. Tomando-a por base, é correto afirmar que: - Alternativas\nA\nÉ condição essencial, portanto obrigatória, para a realização e execução de qualquer atendimento ao usuário do Serviço Social a existência de espaço físico, nas seguintes condições: iluminação adequada ao trabalho diurno e noturno, conforme a organização institucional; recursos que garantam a privacidade do usuário naquilo que for revelado durante o processo de intervenção profissional; ventilação adequada a atendimentos breves ou demorados e com portas fechadas e espaço adequado para colocação de arquivos para a adequada guarda de material técnico de caráter reservado.\nB\nO atendimento efetuado pelo assistente social deve ser feito com portas fechadas, de forma a garantir o sigilo. O material técnico utilizado e produzido no atendimento é de caráter reservado, sendo seu uso e acesso restrito aos profissionais de todas as categorias desde que atuante no mesmo setor. O arquivo do material técnico, utilizado pelo assistente social, poderá estar em outro espaço físico.\nC\nO assistente social deve comentar informalmente à entidade, instituição ou órgão que trabalha ou presta serviços, sob qualquer modalidade, acerca das inadequações constatadas por este, quanto às condições éticas, físicas e técnicas do exercício profissional, sugerindo alternativas para melhoria dos serviços prestados.\nD\nRealizada visita de fiscalização pelo CRESS - Conselho Regional de Serviço Social competente, através de agente fiscal ou Conselheiro, e verificado o descumprimento do disposto na presente Resolução a Comissão de Orientação e Fiscalização do Conselho Regional, a vista das informações contidas no Termo de Fiscalização ou no documento encaminhado pelo próprio assistente social, notificará o representante legal ou responsável pela pessoa jurídica e o assistente social, para que em prazo determinado regularize a situação.', 'Sobre as condições éticas e técnicas do exercício profissional do Assistente Social regulamentados pela resolução CFESS nº 493 de 21 de Agosto de 2006. Julgue os itens a seguir enquanto VERDADEIRO (V) ou FALSO (F): I. O atendimento efetuado pelo assistente social pode ser feito com portas fechadas, de forma a garantir o sigilo. II. O assistente social pode informar por escrito à entidade, instituição ou órgão que trabalha ou presta serviços, sob qualquer modalidade, acerca das inadequações constatadas por este, quanto às condições físicas do exercício profissional somente, sugerindo alternativas para melhoria dos serviços prestados. III. O material técnico utilizado e produzido no atendimento é de caráter reservado, seu uso e acesso é restrito aos profissionais da equipe multiprofissional que atendem o mesmo usuário.\xa0 \xa0IV. O local de atendimento destinado ao assistente social deve ser dotado de espaço suficiente, para abordagens individuais ou coletivas, conforme as características dos serviços prestados, e deve possuir recursos que garantam a privacidade do usuário naquilo que for revelado durante o processo de intervenção profissional. V. É condição essencial, portanto obrigatória, para a realização e execução de qualquer atendimento ao usuário do Serviço Social a existência de espaço físico adequado. Assinale a alternativa CORRETA, da primeira à última:\n - Alternativas\nA\nV, F, F, V, V.\nB\nF, V, F, V, F.\nC\nV, V, F, V, V.\nD\nF, F, F, V, V.']";Ética e Intervenção no Atendimento Social
4;3;43;3_supervisão_supervisionado_supervisor_responsabilidade;['supervisão', 'supervisionado', 'supervisor', 'responsabilidade', 'assistente', 'profissionais', 'atribuição', 'instituição', 'profissional', 'ensino'];['A partir da regulamentação do estágio supervisionado em serviço social, assinale a alternativa INCORRETA: - Alternativas\nA\nA responsabilidade ética e técnica da supervisão direta é do supervisor de campo, já que o supervisor acadêmico é responsável pela supervisão indireta.\nB\nO supervisor acadêmico cumpre o papel de orientar o estagiário e avaliar seu aprendizado, visando a qualificação do aluno durante o processo de formação e aprendizagem das dimensões técnico-operativas, teórico-metodológicas e ético-política da profissão.\nC\nAo supervisor de campo cabe a inserção, acompanhamento, orientação e avaliação do estudante no campo de estágio em conformidade com o plano de estágio.\nD\nTanto o supervisor de campo quanto o acadêmico devem planejar conjuntamente as atividades inerentes ao estágio, estabelecer o cronograma de supervisão sistemática e presencial, que deverá constar no plano de estágio.', 'De acordo com a Resolução nº 533 (CFESS, 2008), que regulamenta a supervisão direta de estágio no Serviço Social, analise as assertivas abaixo:\n\nI. Ao supervisor de campo cabe a inserção, acompanhamento, orientação e avaliação do estudante no campo de estágio, já ao supervisor acadêmico cumpre o papel de orientar o estagiário e avaliar seu aprendizado. II. Compete aos Conselhos Regionais de Serviço Social a fiscalização do exercício profissional do assistente social supervisor nos referidos campos de estágio. III. A supervisão direta de estágio em Serviço Social é competência do(a) assistente social, em pleno gozo dos seus direitos profissionais, devidamente inscrito no CRESS de sua área de ação, sendo denominado supervisor acadêmico o(a) assistente social da instituição e supervisor de campo o(a) assistente social professor da instituição de ensino.\n\nQuais estão corretas? - Alternativas\nA\nApenas I.\nB\nApenas II.\nC\nApenas I e II.\nD\nApenas II e III.\nE\nI, II e III.', 'A supervisão direta de estágio em Serviço Social é uma atividade privativa dos Assistentes Sociais. Considerando a necessidade de regulamentar a supervisão direta de estágio no Serviço Social, o Conselho Federal de Serviço Social aprovou a Resolução CFESS nº 533, de 29 de setembro de 2008, definindo que: - Alternativas\nA\ncabe ao supervisor de campo estabelecer o início do estágio e a inserção do estudante no campo de estágio.\nB\no número de estagiários a serem supervisionados tem como limite máximo 3 (três) estagiários por Assistente Social supervisor de campo, independentemente da carga horária de trabalho do supervisor de campo.\nC\nCabe ao supervisor acadêmico verificar se o estudante estagiário está devidamente matriculado no semestre correspondente ao estágio curricular obrigatório.\nD\nÉ dever do supervisor de campo e do supervisor acadêmico atestar ou reconhecer as horas de estágio realizadas pelo estagiário, bem como emitir avaliação e nota.'];Supervisão e Responsabilidade Profissional na Instituição
5;4;40;4_sociedade_sociais_políticas_social;['sociedade', 'sociais', 'políticas', 'social', 'serviços', 'associação', 'profissionais', 'serviço', 'profissão', 'reforma'];"['De acordo com o Conselho Federal de Serviço Social (CFESS), as competências e atribuições dos assistentes sociais, na política de Assistência Social, requisitam do profissional algumas competências gerais que são fundamentais à compreensão do contexto sócio-histórico em que se situa sua intervenção. Sobre tais competências gerais, analise as assertivas e assinale a alternativa correta. I. Apreensão crítica dos processos sociais de produção e reprodução das relações sociais numa perspectiva de totalidade. II. Análise do movimento histórico da sociedade brasileira, apreendendo as particularidades do desenvolvimento do Capitalismo no país e as particularidades regionais. III. Compreensão do significado social da profissão e de seu desenvolvimento sócio-histórico, nos cenários internacional e nacional, desvelando as possibilidades de ação contidas na realidade. IV. identificação das demandas presentes na sociedade, visando formular respostas profissionais para o enfrentamento da questão social, considerando as novas articulações entre o público e o privado. - Alternativas\nA\nApenas I está correta.\nB\nApenas II e IV estão corretas.\nC\nTodas estão corretas.\nD\nTodas estão incorretas.', 'A Associação Brasileira de Ensino e Pesquisa em Serviço Social (ABEPSS) lançou, em 8 de novembro de 2017, a campanha “Sou Assistente Social e Supervisiono Estágio - A Supervisão Qualifica a Formação e o Trabalho”. Sobre o processo de supervisão de estágio em Serviço Social é correto afirmar que: - Alternativas\nA\na supervisão direta de estágio em Serviço Social é atividade desempenhada pelo assistente social, no âmbito de suas competências profissionais, em pleno gozo dos seus direitos profissionais e devidamente inscrito no Conselho Regional de Serviço Social (CRESS) de sua área de ação.\nB\nconfigura-se na articulação entre pesquisa e intervenção profissional e se consubstancia como exercício teórico-prático, mediante a inserção do aluno nos diferentes espaços ocupacionais das esferas públicas e privadas.\nC\nconcerne ao supervisor de campo orientar o estagiário e avaliar o seu aprendizado, visando à qualificação do aluno durante o processo de formação e aprendizagem das dimensões técnico-operativas, teórico-metodológicas e ético-políticas.\nD\ncabe ao supervisor acadêmico averiguar se o campo de estágio está dentro da área do Serviço Social e se garante as condições necessárias para que o posterior exercício profissional seja desempenhado com qualidade, competência técnica e ética.\nE\ndeve ser realizado por assistente social, funcionário do quadro de pessoal provisório da instituição em que ocorre o estágio, em conformidade com o disposto no inciso III do artigo 9º da Lei nº 11.788, de 25 de setembro de 2008.', 'A proposta das Diretrizes Gerais para os Cursos de Serviço Social, discutida e sistematizada pela Associação Brasileira de Ensino em Serviço Social (ABEPSS), caracteriza-se como produto de amplo e sistemático debate, realizado pelas unidades de ensino em todo o território nacional. Foi discutida na XXVIII Convenção Nacional da Associação Brasileira de Ensino em Serviço Social (ABESS), que deliberou sobre a necessidade da revisão do currículo mínimo vigente desde 1982. Pode-se afirmar que as Diretrizes Curriculares da ABEPSS, expressam inúmeros avanços, dentre estes: - Alternativas\nA\na adoção de uma tradição teórica que permite a leitura da realidade em uma perspectiva sócio histórica e crítica da realidade e que defende o pluralismo como princípio.\nB\na compreensão do significado social da profissão mais amadurecida e a defesa de uma formação profissional voltada para as demandas do mercado próprias do sistema capitalista.\nC\nas Diretrizes Curriculares da ABEPSS, de 1996, apontam para uma nova lógica curricular, que articula três Núcleos de Fundamentos, os quais traduzem um conjunto de conhecimentos constitutivos da formação profissional. 1. Núcleo de fundamentos teórico-metodológico da vida social; 2. Núcleo de fundamentos da formação profissional e estágio; 3. Núcleo de fundamentos do trabalho profissional.\nD\nas Diretrizes Curriculares da ABEPSS estão de acordo com a perspectiva implementada nas Diretrizes Curriculares do MEC, pois esta última fundamentou-se em todo o acúmulo discursivo realizado em quase uma década pela categoria profissional e juntas devem fundamentar a formulação dos Projetos Pedagógicos dos cursos de graduação em Serviço Social.']";Políticas Sociais e Reforma dos Serviços na Sociedade
6;5;34;5_atribuições_interdisciplinar_assistente_profissionais;['atribuições', 'interdisciplinar', 'assistente', 'profissionais', 'social', 'atribuição', 'serviços', 'intervenção', 'serviço', 'competências'];['Sobre a emissão de pareceres, laudos e opiniões técnicas conjuntas, entre assistente social e outros profissionais, assinale a alternativa INCORRETA. - Alternativas\nA\nAo atuar em equipes multiprofissionais, o assistente social deverá respeitar as normas e limites legais, técnicos e normativos das outras profissões, em conformidade com o que estabelece a Lei de Regulamentação da Profissão.\nB\nAo atuar em equipes multiprofissionais, o assistente social deverá garantir a especificidade de sua área de atuação.\nC\nO entendimento ou opinião técnica do assistente social sobre o objeto da intervenção conjunta com outra categoria profissional e/ ou equipe multiprofissional deve destacar a sua área de conhecimento separadamente, delimitando o âmbito de sua atuação, seu objeto, instrumentos utilizados, análise social e outros componentes que devem estar contemplados na opinião técnica.\nD\nO assistente social deverá emitir sua opinião técnica somente sobre o que é de sua área de atuação e de sua atribuição legal, para aquilo que está habilitado e autorizado a exercer, assinando e identificando seu número de inscrição no Conselho Regional de Serviço Social.\nE\nNo atendimento multiprofissional, a avaliação e a discussão da situação poderá ser multiprofissional, respeitando a conclusão manifestada por escrito pelo assistente social, que tem seu âmbito de intervenção nas suas atribuições privativas.', 'Sobre a emissão de pareceres, laudos, opiniões técnicas conjuntos entre o assistente social e outros profissionais, conforme trata a Resolução nº 557/2009 do Conselho Federal de Serviço Social, assinale a alternativa incorreta.\xa0 - Alternativas\nA\nO assistente social deve, sempre que possível, integrar equipes multiprofissionais, bem como incentivar e estimular o trabalho interdisciplinar.\nB\nAo atuar em equipes multiprofissionais, o assistente social deverá respeitar normas e limites legais, técnicos e normativos das outras profissões.\nC\nO assistente social, ao emitir laudos, pareceres, perícias e qualquer manifestação técnica sobre matéria de Serviço Social, deve atuar com ampla autonomia, respeitadas as normas legais, técnicas e éticas de sua profissão.\nD\nNo atendimento multiprofissional, a discussão da situação poderá ser multiprofissional, mas a avaliação deve ser, obrigatoriamente, manifesta por escrito pelo assistente social, que tem seu âmbito de intervenção nas suas atribuições privativas.\nE\nO entendimento ou a opinião técnica do assistente social sobre o objeto da intervenção conjunta com outra categoria profissional e/ou equipe multiprofissional, deve destacar sua área de conhecimento separadamente.\xa0', 'O Assistente Social trabalha em equipe multiprofissional, em que atua, conjuntamente com outros profissionais. Dessa forma, sobre a emissão de pareceres, laudos, opiniões técnicas conjuntos entre o Assistente Social e outros profissionais, o Conselho Federal de Serviço Social (CFESS), por meio da Resolução nº 557, de 15 de setembro de 2009, estabelece: - Alternativas\nA\nO Assistente Social, ao emitir laudos, pareceres, perícias e qualquer manifestação técnica sobre matéria de Serviço Social, deve atuar respeitando as normas legais, técnicas e éticas da instituição à qual está vinculado, e eventualmente pode ser obrigado a prestar serviços incompatíveis com suas competências e atribuições previstas pela Lei nº 8.662/1993, desde que sua chefia esteja de pleno acordo com o desenvolvimento das atividades a ele solicitadas.\nB\nO entendimento ou opinião técnica do Assistente Social sobre o objeto da intervenção conjunta com outra categoria profissional e/ou equipe multiprofissional deve ser realizado de forma coletiva, sem necessidade de destacar a sua área de conhecimento separadamente, delimitando o âmbito de sua atuação, seu objeto, instrumentos utilizados, análise social e outros componentes contemplados na opinião técnica, pois no trabalho interdisciplinar todas as opiniões se misturam.\nC\nAo atuar em equipes multiprofissionais, o Assistente Social deverá emitir sua opinião técnica sobre o que é de sua área de atuação e de sua atribuição legal, assim como sobre as outras áreas de atuação de seus colegas de trabalho, pois é isso que configura o trabalho multi e interdisciplinar.\nD\nNo atendimento multiprofissional, a avaliação e discussão da situação poderá ser também multiprofissional, respeitando a conclusão manifestada por escrito pelo Assistente Social, que tem seu âmbito de intervenção nas suas atribuições privativas.\nE\nAo atuar em equipes multiprofissionais, o Assistente Social deverá respeitar as normas e limites legais, técnicos e normativos, buscando a prevalência de seus argumentos técnico-políticos junto às outras profissões, em conformidade com o que estabelece o Código de Ética do Assistente Social, regulamentado pela Resolução CFESS nº 273, de 13 de março de 1993.'];Atribuições Interdisciplinares no Serviço Social
7;6;30;6_discriminatórias_discriminação_sociais_ética;['discriminatórias', 'discriminação', 'sociais', 'ética', 'condutas', 'conduta', 'preconceitos', 'deficiência', 'inclusão', 'preconceito'];"['Com base na Resolução CFESS Nº 845, de 26 de fevereiro de 2018, que dispõe sobre a atuação profissional do(a) assistente social em relação ao processo transexualizador, assinale a alternativa correta. - Alternativas\nA\nOs(as) assistentes sociais devem ter sua autonomia limitada para tratar de assuntos sobre a promoção de uma cultura de respeito à diversidade de expressão e identidade de gênero, a partir de reflexões críticas acerca dos padrões de gênero estabelecidos socialmente.\nB\nÉ vedado ao(à) assistente social emitir opinião técnica a respeito de procedimentos relacionados às transformações corporais.\nC\nÉ dever do(a) assistente social defender a utilização do nome social dos(as) usuários(as), somente após a regularização de seus documentos civis.\nD\nO(a) assistente social deverá respeitar o direito à autodesignação dos(as) usuários do serviço como pessoas trans, travestis, transexuais, transgêneros.\nE\nCabe ao(à) assistente social ajustar e controlar o comportamento de crianças e adolescentes que manifestem expressões de identidades de gênero trans.', 'A Resolução do CFESS N° 992, de 22 de março de 2022, que estabelece normas vedando atos e condutas discriminatórias e/ou preconceituosas contra pessoas com deficiência no exercício profissional do/a assistente social, regulamenta os princípios II, VI e XI inscritos no Código de Ética Profissional. Sobre a referida Resolução, analise as afirmativas abaixo:\nI. O/A assistente social no exercício de sua atividade profissional deverá abster-se de praticar ou ser conivente com condutas discriminatórias e/ou preconceituosas em relação a pessoas com deficiência, na relação com os/as usuários/as, com outros/as assistentes sociais e com outros/as profissionais e trabalhadores/as.\nII. O/A assistente social deverá contribuir, inclusive, no âmbito de seu espaço de trabalho, para a reflexão ética sobre o sentido da necessidade do respeito e promoção de oportunidades equitativas às pessoas com deficiência; prevenção e combate ao preconceito e discriminação.\nIII. Ocorrendo infração contra pessoas com deficiência por parte do assistente social, os Conselhos Federal e Regionais de Serviço Social não poderão encaminhar às autoridades competentes para apuração e/ou oferecer representação, considerando ser necessário salvaguardar os profissionais e instituições.\nIV. É vedada ao/à assistente social a utilização de instrumentos e técnicas para criar, manter ou reforçar preconceitos, estigmas ou estereótipos de discriminação e/ou opressão às pessoas com deficiência física, mental, intelectual, sensorial.\nEstá CORRETO o que se afirma em\n - Alternativas\nA\nI, II e III, apenas.\nB\nIII e IV, apenas.\nC\nII, III e IV, apenas.\nD\nI, II e IV, apenas.\xa0\nE\nI, II, III e IV.\xa0', 'Com o objetivo de fortalecer o enfrentamento a todas as formas de preconceito, no que diz respeito à identidade de gênero, o Conselho Federal de Serviço Social (CFESS) publicou a Resolução CFESS nº 615, de 8 de setembro de 2011, que dispõe sobre a inclusão e uso do nome social da assistente social travesti e do(a) assistente social transexual nos documentos de identidade profissional. Acerca da referida Resolução, analise as afirmações a seguir e assinale com (V) para verdadeiro e (F) para falso:\n( ) Assegurou às pessoas travestis e transexuais, nos termos da referida resolução, o direito à escolha de tratamento nominal a ser inserido na Cédula e na Carteira de Identidade Profissional, bem como nos atos e procedimentos promovidos no âmbito do CFESS e dos CRESS. ( ) Estabeleceu que as pessoas travestis e transexuais, que tenham retificado seus nomes, poderão incluir o nome social na Carteira de Identidade Profissional. ( ) Recomendou ao conjunto CFESS-CRESS a realização de formações para que a categoria profissional inclua o nome social dos usuários nos formulários de uso profissional. ( ) Indicou que todas as Carteiras e Cédulas de Identidade profissional serão expedidas pelos CRESS contendo um campo adequado para inserção do nome social. ( ) Proibiu a utilização do nome social nas assinaturas, decorrentes do trabalho desenvolvido pelo(a) assistente social, juntamente com o número do registro profissional.\nA alternativa que contém a sequência CORRETA de preenchimento dos parênteses é:\xa0 - Alternativas\nA\nV, F, F, V, F.\xa0\nB\nF, V, V, V, V.\xa0\nC\nV, F, F, F, F.\xa0\nD\nF, F, F, V, F.\xa0\nE\nV, V, F, V, F.']";Condutas Éticas e Preconceitos na Prática Social
8;7;29;7_socioassistenciais_sociais_intervenção_assessoria;['socioassistenciais', 'sociais', 'intervenção', 'assessoria', 'serviços', 'atendimento', 'saúde', 'políticas', 'social', 'abordagens'];['O Conselho Federal de Serviço Social estabeleceu, em 2010, os Parâmetros para a Atuação de Assistentes Sociais na Saúde, para apoiar a intervenção profissional, em toda a rede de serviços. Tais parâmetros contemplam:\n\n\n\n\n1) ações socioeducativas, com orientação e socialização de informações, através de abordagens individuais, grupais ou coletivas ao usuário, família e população de determinada área programática, geradoras de reflexões pelos usuários sobre as condições de vida e saúde.\n\n2) atendimento à família e/ou responsáveis em caso de óbito, esclarecendo as causas da morte.\n\n3) identificação da situação socioeconômica (habitacional, trabalhista e previdenciária) e familiar dos usuários com vistas à construção do perfil socioeconômico, para possibilitar a formulação de estratégias seletivas de atendimento em serviços de saúde.\n\n4) ações de mobilização voltadas para a inserção dos usuários e trabalhadores de saúde nos espaços democráticos de controle social, fomentando a participação nos conselhos, conferências e fóruns de saúde e de outras políticas públicas.\n\n5) atendimento psicoterapêutico a indivíduos e famílias, potencializando a recuperação do usuário.\n\n\n\n\nEstão corretas, apenas:\n - Alternativas\nA\n1 e 5.\nB\n2, 3 e 4.\nC\n3 e 5.\nD\n2, 4 e 5.\nE\n1 e 4.', '“As ações a serem desenvolvidas pelos assistentes sociais devem transpor o caráter emergencial e burocrático, bem como ter uma direção socioeducativa por meio da reflexão com relação às condições sociohistóricas a que são submetidos os usuários e mobilização para a participação nas lutas em defesa da garantia do direito à Saúde”.\n\nCFESS (org). Parâmetros para Atuação de Assistentes Sociais na Política de Saúde. Brasília: CFESS, 2010.\n\n\n\n\nCom base nos Parâmetros para Atuação de Assistentes Sociais na Política de Saúde referendado pelo CFESS, aos Assistentes Sociais, que atuam em programas de prevenção e promoção da saúde, cabem desenvolver as seguintes ações, exceto.\n - Alternativas\nA\nFacilitar o acesso dos usuários e seus familiares à informação e, ou, encaminhamentos quanto aos direitos sociais dos usuários.\nB\nConstruir o perfil socioeconômico dos usuários a fim de possibilitar a formulação de estratégias de intervenção mais adequada.\nC\nRealizar visitas domiciliares, quando necessário, para conhecer a realidade do usuário, procurando não invadir a privacidade dos mesmos e esclarecendo os seus objetivos profissionais.\nD\nFortalecer os vínculos familiares, na perspectiva de incentivar o usuário e sua família a se tornarem sujeitos do processo de promoção, proteção, prevenção, recuperação e reabilitação da saúde.\nE\nRealizar terapias individuais, familiar e comunitária.', 'O documento “Parâmetros para a Atuação de Assistentes Sociais na Saúde”, do Conselho Federal de Serviço Social, aponta como uma das principais demandas para os(as) assistentes sociais, a realização de ações socioassistenciais no atendimento direto aos usuários. Constituem ações desenvolvidas pelos(as) profissionais nessa categoria de ações, exceto: - Alternativas\nA\ndemocratizar as informações por meio de orientações (individuais e coletivas) e/ou encaminhamentos quanto aos direitos sociais da população usuária.\nB\navaliação social para fins de perícias relacionadas a benefícios da Previdência Social, quando ligados a situações de saúde da população usuária.\nC\nfacilitar e possibilitar o acesso dos usuários aos serviços, bem como a garantia de direitos na esfera da seguridade social por meio da criação de mecanismos e rotinas de ação.\nD\nfortalecer os vínculos familiares, na perspectiva de incentivar o usuário e sua família a se tornarem sujeitos do processo de promoção, proteção, prevenção, recuperação e reabilitação da saúde.\nE\nbuscar garantir o direito do usuário ao acesso aos serviços.'];Abordagens Socioassistenciais em Serviços Sociais
9;8;19;8_cfess_normas_condutas_supervisão;['cfess', 'normas', 'condutas', 'supervisão', 'regulamenta', 'normativa', 'serviço', 'resoluções', 'disciplinar', 'federal'];['As resoluções do Conselho Federal de Serviço Social (CFESS) são instrumentos que orientam e normatizam o exercício profissional dos assistentes sociais. Sendo assim, no que se refere às Resoluções n.º 489/2006, que estabelece normas, vedando condutas discriminatórias ou preconceituosas por orientação e expressão sexual por pessoas do mesmo sexo no exercício profissional do assistente social, n.º 556/2009 (Procedimentos para efeito da Lacração do Material Técnico e do Material Técnico‐Sigiloso do Serviço Social) e n.º 533/2008, que regulamenta a supervisão direta de estágio no serviço social, julgue o item seguinte.\n\n\n\n\nCaso ocorra a extinção do serviço social da instituição, o profissional responsável por aquele serviço poderá incinerar o material técnico‐sigiloso e proceder à imediata comunicação ao CRESS.\n - Alternativas\nCerto\nErrado', 'As resoluções do Conselho Federal de Serviço Social (CFESS) são instrumentos que orientam e normatizam o exercício profissional dos assistentes sociais. Sendo assim, no que se refere às Resoluções n.º 489/2006, que estabelece normas, vedando condutas discriminatórias ou preconceituosas por orientação e expressão sexual por pessoas do mesmo sexo no exercício profissional do assistente social, n.º 556/2009 (Procedimentos para efeito da Lacração do Material Técnico e do Material Técnico‐Sigiloso do Serviço Social) e n.º 533/2008, que regulamenta a supervisão direta de estágio no serviço social, julgue o item seguinte.\n\n\n\n\nA Resolução n.º 533/2008, que trata da supervisão direta de estágio, estabelece que o número de estagiários a serem supervisionados pelo assistente social deve levar em conta a carga horária do supervisor de campo e a complexidade do exercício profissional, sendo que o limite máximo não deverá exceder um estagiário para cada dez horas semanais de trabalho.\n - Alternativas\nCerto\nErrado', 'As resoluções do Conselho Federal de Serviço Social (CFESS) são instrumentos que orientam e normatizam o exercício profissional dos assistentes sociais. Sendo assim, no que se refere às Resoluções n.º 489/2006, que estabelece normas, vedando condutas discriminatórias ou preconceituosas por orientação e expressão sexual por pessoas do mesmo sexo no exercício profissional do assistente social, n.º 556/2009 (Procedimentos para efeito da Lacração do Material Técnico e do Material Técnico‐Sigiloso do Serviço Social) e n.º 533/2008, que regulamenta a supervisão direta de estágio no serviço social, julgue o item seguinte.\n\n\n\n\nAo supervisor de campo cabe o papel de orientar o estagiário e avaliar seu aprendizado, visando à sua qualificação durante o processo de formação e aprendizagem das dimensões técnico‐operativas, teórico-metodológicas e ético‐políticas da profissão.\n - Alternativas\nCerto\nErrado'];Normas e Regulamentações do CFESS
10;9;17;9_ética_instituições_regulamentação_sociais;['ética', 'instituições', 'regulamentação', 'sociais', 'organizações', 'sociedade', 'direitos', 'federal', 'competências', 'serviço'];['Com base no Código de Ética do assistente social de 1993, em seu art. 1º, o Conselho Federal de Serviço Social tem entre suas competências - Alternativas\nA\nzelar pela observância dos princípios e diretrizes do Código, fiscalizando as ações dos Conselhos Regionais e a prática exercida pelos profissionais, instituições e organizações na área do serviço social.\nB\npossuir liberdade na realização de seus estudos e pesquisas, resguardados os direitos de participação de indivíduos ou grupos envolvidos em seus trabalhos.\nC\nzelar pela observância dos princípios e diretrizes do Código e funcionar como órgão julgador de primeira instância.\nD\nzelar pela observância dos princípios e diretrizes do Código, fiscalizando as ações dos Conselhos Federais e a prática exercida pelos profissionais, instituições educacionais e organizações filantrópicas\nE\ngarantir e defender as atribuições e prerrogativas estabelecidas na lei de Regulamentação da Profissão e dos princípios firmados no Código.', 'Considere as afirmativas abaixo e responda ao seguinte Compete ao Conselho Federal de Serviço Social:\n\nI – introduzir alteração no Código de Ética do Assistente Social, através de uma ampla participação da categoria, num processo desenvolvido em ação conjunta com os Conselhos Regionais.\nII – zelar pela observância dos princípios e diretrizes do disposto no Código de Ética do Assistente Social, fiscalizando as ações dos Conselhos Regionais e a prática exercida pelos profissionais, instituições e organizações na área do Serviço Social.\nIII – como Tribunal Superior de Ética Profissional, criar analogias na observância do Código de Ética do Assistente Social e nos casos omissos. - Alternativas\nA\nApenas o item I é verdadeiro.\nB\nApenas o item II é verdadeiro.\nC\nApenas os itens I e II são verdadeiros.\nD\nApenas os itens I e III são verdadeiros.\nE\nTodos os itens são verdadeiros.', 'São competências do Conselho Federal de Serviço Social, conforme art. 1º do Código de Ética do Assistente Social, exceto: - Alternativas\nA\ngarantia e defesa de suas atribuições e prerrogativas, estabelecidas na Lei de Regulamentação da Profissão e dos princípios firmados no Código de Ética do Assistente Social.\xa0\nB\nzelar pela observância dos princípios e diretrizes do Código de Ética do Assistente Social, fiscalizando as ações dos Conselhos Regionais e a prática exercida pelos profissionais, instituições e organizações na área do Serviço Social.\nC\nintroduzir alteração no Código de Ética do Assistente Social, através de uma ampla participação da categoria, num processo desenvolvido em ação conjunta com os Conselhos Regionais.\nD\ncomo Tribunal Superior de Ética Profissional, firmar jurisprudência na observância do Código de Ética do Assistente Social e nos casos omissos.'];Ética e Direitos nas Instituições Sociais
11;10;17;10_ética_ético_institui_direitos;['ética', 'ético', 'institui', 'direitos', '1993', 'alterações', 'sociais', 'autoridade', 'aprovado', 'assistente'];"['O Código de Ética do Assistente Social foi aprovado em 13 de março de 1993, pela Resolução CFESS nº 273/1993, com as alterações introduzidas pelas Resoluções CFESS nos 290/1994, 293/1994, 333/1996 e 594/2011. Considerando os deveres do Assistente Social nas suas relações com os usuários, analise.\n\nI. Garantir a plena informação e discussão sobre as possibilidades e consequências das situações apresentadas, respeitando democraticamente as decisões dos usuários, mesmo que sejam contrárias aos valores e às crenças individuais dos profissionais, resguardados os princípios deste Código.\nII. Democratizar as informações e o acesso aos programas disponíveis no espaço institucional, como um dos mecanismos indispensáveis à participação dos usuários.\nIII. Não divulgar as informações colhidas nos estudos e pesquisas aos usuários, no sentido de que estes possam ser preservados e seja observada a manutenção do sigilo de informações pessoais.\nIV. Informar à população usuária sobre a utilização de materiais de registro audiovisual e pesquisas a elas referentes e a forma de sistematização dos dados obtidos.\nV. Fornecer à população usuária, quando solicitado, informações concernentes ao trabalho desenvolvido pelo Serviço Social e as suas conclusões, resguardado o sigilo profissional.\n\nEstão corretas apenas as afirmativas\n - Alternativas\nA\nI, II e III.\nB\nIII, IV e V.\nC\nI, II, IV e V.\nD\nI, III, IV e V.', 'São princípios fundamentais do código de ética profissional dos assistentes sociais aprovado em 15 de março de 1993 com as alterações introduzidas pelas resoluções CFESS n.º 290/94 e 293/94:\n\nI. Posicionamento em favor da eqüidade, que assegure universalidade de acesso aos bens e serviços relativos aos programas e políticas sociais, bem como sua gestão democrática;\nII. Empenho na eliminação das formas de preconceito, incentivando o respeito à diversidade, à participação de grupos socialmente discriminados e à discussão das diferenças;\nIII. Garantia do pluralismo, através do respeito às correntes profissionais democráticas existentes e suas expressões teóricas, e compromisso intelectual; IV.Opção por um projeto profissional vinculado ao processo de construção de uma nova ordem societária, sem exploração de classe, etnia e gênero;\nV. Articulação com os movimentos sociais e profissionais que partilhem dos princípios deste Código e com a luta geral dos trabalhadores;\n\nPodemos afirmar que:\n - Alternativas\nA\nAs alternativas I, II e IV são verdadeiras.\nB\nSão verdadeiras as alternativas II e III.\nC\nAs alternativas III e IV são verdadeiras.\nD\nTodas as alternativas são verdadeiras.\nE\nSão falsas todas as alternativas.', 'A realização de uma visita domiciliar surpresa para o controle e a fiscalização do uso de benefícios ou como mecanismo para conferir a veracidade das informações coletadas nas entrevistas ou obtidas por outras fontes contraria o(s) seguinte(s) princípio(s) do Código de Ética Profissional aprovado em 13 de março de 1993 (nas redações dadas pelas Resoluções CFESS nº 290/94, nº 293/94, nº 333/96 e nº 594/11):\nI. Garantir a plena informação e discussão sobre as possibilidades e consequências das situações apresentadas, respeitando democraticamente as decisões dos/as usuários/as, salvo quando contrárias aos princípios do Código de Ética Profissional do/a Assistente Social;\nII. Esclarecer aos/às usuários/a sobre os objetivos e a amplitude de sua atuação profissional.;\nIII. Contribuir para a viabilização da participação efetiva do usuário nas decisões institucionais;\nIV. Reconhecimento da liberdade como valor ético central e das demandas políticas a ela inerentes - autonomia, emancipação e plena expansão dos indivíduos sociais;\nV. Defesa intransigente dos direitos humanos e recusa do arbítrio e do autoritarismo. - Alternativas\nA\nTodas as alternativas são verdadeiras.\nB\nAs alternativas III e IV são verdadeiras.\nC\nAs alternativas IV e V são verdadeiras.\nD\nAs alternativas I, IV e V são falsas.\nE\nAs alternativas II, III e IV são verdadeiras.']";Ética e Autoridade nas Atribuições do Assistente Social
12;11;17;11_penalidades_penalidade_infrações_infração;['penalidades', 'penalidade', 'infrações', 'infração', 'infratores', 'multa', 'ética', 'jurisdição', 'suspensão', 'advertência'];['A Lei no 8.662, de 7 de junho de 1993 dispõe sobre a profissão de Assistente Social. De acordo com a referida Lei os CRESS - Conselhos Regionais de Serviço Social aplicarão as seguintes penalidades aos infratores dos dispositivos desta Lei:\nI- suspensão de um a dois anos de exercício da profissão ao Assistente Social que, no âmbito de sua atuação, deixar de cumprir disposições do Código de Ética, tendo em vista a gravidade da falta.\nII- multa no valor de uma a dez vezes a anuidade vigente.\nIII- cancelamento definitivo do registro, nos casos de extrema gravidade ou de reincidência contumaz. - Alternativas\nA\nApenas o item I está correto.\xa0\nB\nApenas o item II está correto.\nC\nApenas o item III está correto.\xa0\nD\nApenas os itens I e II estão corretos.\nE\nApenas os itens I e III estão corretos.', 'Conforme o Código de ética do (a) assistente social, aos infratores desse Código, os CRESS podem aplicar as seguintes penalidades: - Alternativas\nA\nCancelamento definitivo do registro, nos casos de extrema gravidade ou de reincidência contumaz.\xa0\nB\nSuspensão de um a três anos de exercício da profissão ao Assistente Social que, no âmbito de sua atuação, deixar de cumprir disposições do Código de Ética, tendo em vista a gravidade da falta.\xa0\nC\nMulta no valor de uma a seis vezes o valor da anuidade vigente.\nD\nNo caso de reincidência na mesma infração no prazo de dois anos, a multa cabível será elevada ao triplo.\nE\nCassação dos diplomas em todas as áreas de formação do (a) infrator (a).\xa0', 'A Lei que regulamenta a profissão do Assistente Social indica as penalidades que os Conselhos Regionais de Serviço Social (CRESS) podem aplicar aos infratores dessa Lei. Assinale a alternativa que apresenta expressamente uma das penalidades prevista na referida Lei. - Alternativas\nA\nAdvertência reservada e pública.\nB\nMulta no valor de uma a dez vezes a anuidade vigente.\nC\nSuspensão de um a três anos de exercício da profissão ao Assistente Social que, no âmbito de sua atuação, deixar de cumprir as determinações da profissão, tendo em vista a gravidade da falta.\nD\nCancelamento definitivo do registro, nos casos de extrema gravidade ou de reincidência contumaz.'];Penalidades e Infrações Éticas na Profissão
13;12;15;12_fiscal_normativa_reguladores_federal;['fiscal', 'normativa', 'reguladores', 'federal', 'comissão', 'fiscais', 'nacional', 'normas', 'pnf', 'disciplinadora'];"['A Política Nacional de Fiscalização (PNF) é um instrumento importante e necessário na perspectiva da defesa da profissão e da qualidade dos serviços prestados pelo assistente social. Com relação à Política Nacional de Fiscalização, julgue o item.\nAs ações referentes à fiscalização são de competência privativa do agente fiscal, que deverá realizar o registro da intervenção e encaminhá-lo para a COFI.\n - Alternativas\nCerto\nErrado', 'Sobre as normas gerais para o exercício da Fiscalização Profissional e a Política Nacional de Fiscalização do Exercício Profissional do Assistente Social, presentes na Resolução do CFESS nº 512/2007. Assinale a alternativa correta. - Alternativas\nA\nNa Política Nacional de Fiscalização, o processo de orientação e fiscalização do exercício profissional do Assistente Social tem caráter exclusivamente burocrático e corporativo.\nB\nA Política Nacional de Fiscalização está organizada em eixos, diretrizes e objetivos. Sua execução é orientada por três dimensões, a Dimensão afirmativa de Princípios e compromissos conquistados; a Dimensão teórico-metodológica; e a Dimensão normativa e disciplinadora.\nC\nAs atividades exercidas pelos integrantes da Comissão de Orientação e Fiscalização (COFI) poderão ser remuneradas, apenas no caso dos agentes fiscais.\nD\nA Comissão de Orientação e Fiscalização (COFI) é formada por, no mínimo, dois membros, sendo um Conselheiro, a quem caberá a coordenação, e os demais agentes fiscais concursados.', 'A Política Nacional de Fiscalização (PNF) é um instrumento importante e necessário na perspectiva da defesa da profissão e da qualidade dos serviços prestados pelo assistente social. Com relação à Política Nacional de Fiscalização, julgue o item.\xa0\n\n\n\n\nA ação fiscalizadora dos Conselhos Regionais de Serviço Social tem o âmbito de atuação centrado no exercício profissional dos assistentes sociais e deve ser realizada em conformidade com três dimensões: afirmativa de direitos; normativa; e disciplinadora.\n - Alternativas\nCerto\nErrado']";Fiscalização e Normas Reguladoras no Serviço Social
14;13;15;13_ético_ética_moralidade_moral;['ético', 'ética', 'moralidade', 'moral', 'societário', 'sociedade', 'sociais', 'social', 'política', 'político'];['Sobre o projeto ético-político que norteia a prática profissional do/da Assistente Social, é CORRETO afirmar:\n - Alternativas\nA\nO projeto ético-político expressa a vinculação da categoria a um projeto de manutenção da ordem social vigente.\nB\nA qualidade do atendimento aos usuários é reconhecido como o valor ético central do projeto ético-político.\nC\nOs Conselhos Regionais e Conselho Federal de Serviço Social, ao contrário da Associação Brasileira de Ensino e Pesquisa em Serviço Social, são instâncias político-organizativas consideradas componentes do projeto ético-político.\n\nD\nA defesa intransigente dos direitos humanos é o valor ético central do projeto ético-político.\nE\nA produção do conhecimento em Serviço Social é reconhecida como um dos componentes do projeto ético-político.\n', 'A cerca do projeto ético político profissional, é INCORRETO afirmar: - Alternativas\nA\nO CFESS e CRESS constituem a dimensão político-organizativa do projeto ético-político profissional.\xa0\nB\nConsolidado nos anos 90, o projeto ético-político da profissão direciona a ação profissional e reconhece a liberdade como valor ético central.\nC\nPosturas conservadoras não compactuam com o projeto ético-político da profissão.\nD\nO código de ética profissional e a lei de regulamentação da profissão, compõem a dimensão jurídico-organizativa do projeto ético político profissional.\nE\nO projeto ético político profissional, objetiva a intenção de colaborar com a ação profissional, a sua viabilização é uma escolha e depende da complexidade das expressões da questão social.', 'A moralização da vida social tem ganhado legitimidade como estratégia de enfrentamento das expressões da questão social, processo que vem se consolidando na sociabilidade burguesa. Marque a opção INCORRETA. - Alternativas\nA\nO projeto ético político do Serviço Social, enquanto construção sociohistórica, filia-se a um projeto societário, não se confundindo com ele. Sua direção social impõe às ações profissionais a contribuição na construção de uma nova sociedade.\nB\nO Código de Ética Profissional de 1986, apesar de avanços, reproduziu a perspectiva não histórica e acrítica dos interesses das classes sociais. A dimensão política do trabalho profissional é enunciada pelos princípios constantes no documento de 1993.\nC\nO protagonismo das entidades da categoria, Conjunto CFESS-CRESS, ABEPSS e ENESSO, e seus posicionamentos, representa formas de materialização do projeto ético político profissional, respeitando as particularidades e autonomia de cada uma.\nD\nA reflexão ética é capaz de realizar a crítica da vida cotidiana e à sua dimensão moral. Ela amplia possibilidades de realização de escolhas conscientes para o exercício da liberdade e do compromisso com projetos coletivos.\nE\nO pertencimento a um projeto profissional e societário, e suas projeções, dão materialidade e organicidade à consciência ética das/os Assistentes Sociais, assim como o Código de Ética e a agenda política do Conjunto CFESS -CRESS.'];Ética e Moralidade na Sociedade e Política
15;14;14;14_assistentes_assistente_atribuição_profissionais;['assistentes', 'assistente', 'atribuição', 'profissionais', 'profissional', 'subsecutivo', 'serviço', 'avaliação', 'depoimentos', 'depoimento'];['No que se refere às resoluções do Conselho Federal de Serviço Social (CFESS), que orientam e normatizam o exercício profissional de assistentes sociais, julgue o próximo item.\n\n\n\n\nCabe ao assistente social, quando solicitado a depor na condição de testemunha, prestar esclarecimentos e formular sua avaliação de natureza técnica.\n - Alternativas\nCerto\nErrado', 'Sobre a metodologia de depoimento especial, o Conselho Federal de Serviço Social (CFESS) produziu Nota Técnica sobre o Exercício Profissional de Assistentes Sociais (2017), oferecendo subsídios e tomando posicionamento profissional neste processo. Acerca do tema, assinale a opção INCORRETA: - Alternativas\nA\nPara a entidade, embora os argumentos de defesa da metodologia creditem à criança e/ou adolescente o direito de se expressar, não há previsão de uma avaliação das condições em que estes possuam na escuta no processo judicial criminal ou sua vontade de participar de tal ato.\nB\nO depoimento especial, ou depoimento sem dano, na qualidade de oitiva, define metodologia para o atendimento a crianças e adolescente vítimas de violência, não se limitando aos casos de violência sexual.\nC\nNo âmbito da Lei nº. 8.662/1993, não há definição de competência ou atribuição profissional que habilite assistentes sociais a realizar a tomada de depoimentos junto a crianças e adolescentes pela metodologia de inquirição ou oitiva.\nD\nA dimensão privativa do trabalho profissional, orientado pela defesa e materialização da lógica da proteção integral de crianças e adolescentes, é incompatível com a busca da verdade material, coleta de provas ou de busca de punição do/a infrator/a.\nE\nNão cabe ao CFESS definir as competências dos/as assistentes sociais em situações de depoimentos sem dano, pois fere a autonomia de profissionais na realização desses procedimentos, em respeito à Lei nº 13.431/2017.', 'No que se refere às resoluções do Conselho Federal de Serviço Social (CFESS), que orientam e normatizam o exercício profissional de assistentes sociais, julgue o próximo item.\n\n\n\n\nAo profissional contratado sob a designação assistente social que esteja em desvio de função, é facultada a inscrição no Conselho Regional de Serviço Social.\n - Alternativas\nCerto\nErrado'];Atribuições Profissionais do Assistente Social
16;15;14;15_confidencial_divulgação_documentação_documentos;['confidencial', 'divulgação', 'documentação', 'documentos', 'segurança', 'sociais', 'cfess', 'salvaguarda', 'informações', 'sigilosos'];['A Resolução n.º 556, do CFESS de 15/09/2009, dispõe sobre os procedimentos para efeito da lacração do material técnico e material técnico-sigiloso do Serviço Social. A resolução define como material técnico-sigiloso toda documentação cuja divulgação comprometa a imagem, a dignidade, a segurança, a proteção de interesses econômicos, sociais, de saúde, de trabalho, de intimidade e outros, das pessoas envolvidas, cujas informações respectivas estejam contidas em relatórios de atendimentos, entrevistas, estudos sociais e pareceres que possam, também, colocar os usuários em situação de risco ou provocar outros danos. Com base nessa definição, considere as afirmações abaixo.\n\nI - É dever do(a) Assistente Social, em situação de saída da instituição, repassar todo o material técnico, sigiloso ou não, ao(à) colega substituto(a).\n\nII - Na impossibilidade de repasse do material ao(à) Assistente Social substituto(a), o material deverá ser lacrado na presença de um(a) representante ou fiscal do CRESS, para somente vir a ser utilizado por colega substituto(a), quando será rompido o lacre, também na presença de um(a) representante do CRESS.\n\nIII - Em caso de extinção do Serviço Social da instituição, o material técnico-sigiloso poderá ser incinerado pelo(a) Assistente Social responsável, até aquela data, que também procederá à imediata comunicação, por escrito, ao CRESS.\n\nQuais estão corretas?\n - Alternativas\nA\nApenas I.\nB\nApenas I e II.\nC\nApenas I e III.\nD\nApenas II e III.\nE\nI, II e III.', 'Leia o texto a seguir:\n\n“Art 2º- Parágrafo único: O material técnico sigiloso caracteriza-se por conter informações sigilosas, cuja divulgação comprometa a imagem, a dignidade, a segurança, a proteção de interesses econômicos, sociais, de saúde, de trabalho, de intimidade e outros, das pessoas envolvidas, cujas informações respectivas estejam contidas em relatórios de atendimentos, entrevistas, estudos sociais e pareceres que possam, também, colocar os usuários em situação de risco ou provocar outros danos.”\n\n(Resolução CFESS nº 556/2009, de 15 de setembro de 2009)\n\nCom base na Resolução supracitada, analise as afirmativas abaixo:\n\nI - O assistente social garantirá o caráter confidencial das informações que vier a receber em razão de seu trabalho, indicando nos documentos sigilosos respectivos a menção: “sigiloso”.\n\nII - Entende-se por material técnico o conjunto de instrumentos produzidos para o exercício profissional nos espaços sócio-ocupacionais, de caráter não sigiloso, que viabiliza a continuidade do Serviço Social e a defesa dos interesses dos usuários, como: relatórios de gestão, relatórios técnicos, pesquisas, projetos, planos, programas sociais, fichas cadastrais, roteiros de entrevistas, estudos sociais e outros procedimentos operativos.\n\nIII - Em caso de demissão ou exoneração, o assistente social deverá repassar todo o material técnico, sigiloso ou não, ao assistente social que vier a substituí-lo. Na impossibilidade de fazê-lo, o material deverá ser lacrado na presença de um representante ou fiscal do CRESS, para somente vir a ser utilizado pelo assistente social substituto, quando será rompido o lacre, também na presença de um representante do CRESS.\n\nIV – Caso o CRESS não possa comparecer no momento de deslacrar o material, o assistente social que vier a assumir o cargo poderá fazê-lo, desde que remeta, logo em seguida, um relatório circunstanciado do ato do rompimento do lacre, declarando que passará a se responsabilizar pela guarda e sigilo do material.\n\nAssinale a alternativa correta:\n - Alternativas\nA\nSomente as afirmativas II, III e IV são corretas.\nB\nSomente as afirmativas III e IV são corretas.\nC\nSomente a afirmativa I, II e III são corretas.\nD\nTodas as afirmativas são corretas.', 'Com relação ao estabelecido pelo Conselho Federal de Serviço Social (CFESS) sobre o procedimento para lacração de material técnico e material técnico sigiloso do Serviço Social, assinale a alternativa incorreta - Alternativas\nA\nO procedimento para lacração de material técnico e material técnico sigiloso do Serviço Social tem suas normas estabelecidas pela Resolução CFESS nº 556, de 15 de setembro de 2008.\nB\nEntende-se por material técnico sigiloso toda documentação produzida, que pela natureza de seu conteúdo, deva ser de conhecimento restrito e, portanto, requeiram medidas especiais de salvaguarda para sua custódia e divulgação.\nC\nO/a assistente social garantirá o caráter confidencial das informações que vier a receber em razão de seu trabalho, indicando nos documentos sigilosos respectivos a menção: “sigiloso”.\nD\nEm caso de demissão ou exoneração, o/a assistente social deverá repassar todo o material técnico, sigiloso ou não, ao/à assistente social que vier a substituí-lo.\xa0'];Segurança e Sigilo de Documentação no Serviço Social
